index,mu
1,0.05
2,0.27139519354845887
3,0.20726304110399085
4,0.24723172695780168
5,0.2543148379834549
6,0.25420480490433556
7,0.25353319221421344
8,0.25289246995951964
9,0.24883809207073104
10,0.2526214779799747
11,0.2499335913061569
12,0.23818607111732434
13,0.236898940778628
14,0.23179021044558895
15,0.2300219364075026
16,0.22784506413051048
17,0.2271281867796655
